epoch,acc,loss,val_acc,val_loss
0,0.8479126507133561,0.35094226363880665,0.8818653994916565,0.2888779585452577
